year,share_none
2001,0.14266397283296747
2006,0.16690365131352286
2013,0.4191948864493
2018,0.48185511797959996
2023,0.5158367479835
